Target	Alternate ID	SAO	HIP	WDS	Con	RA 2000	Dec 2000	Mm	X	PSA	season	Parent	Pair	PA	SepSec	MagC	M1	M2	Notes	Type
HD 21700	BD+27 514	SAO 75964	HIP 16386	STFA 7	Tau	03 31.1	+27 44	100.0	45.0	15.0	winter(1)	STFA 7	AB	234	44.1	6.8	7.4	7.8	Wide pair. Nearly equal. Oriented NE to SW. Yellow or orange and blue. Beside double HR 1065.	Physical
Phi Tau	52 Tau, Alkalbain I	SAO 76558	HIP 20250	SHJ  40	Tau	04 20.4	+27 21	90.0	45.0	15.0	winter(1)	SHJ  40	AB	259	48.7	5.0	5.1	7.5	Widely separated. Intense colours, gold and blue. Unrelated bright orange-red star opposite B.	Optical
				WAL  29							winter(1)		AC	25	118.1		5.1	12.3	Very dim partner, NNE.	Uncertain
32 Eri	HR 1212	SAO 130806	HIP 18255	STF 470	Eri	03 54.3	-02 57	90.0	140.0	17.0	winter(1)	STF 470	AB	349	6.9	4.5	4.8	5.9	Colourful pair, yellow and pale blue. Tight. May be called HR 1211 as opposed to HR 1212.	Uncertain
				STF 470							winter(1)		AC	5	164.7		4.8	10.5	Dim star beyond secondary, further north. Colourless.	Optical
Keid	Omicron 2 Eri	SAO 131063	HIP 19849	STF 518	Eri	04 15.2	-07 40	100.0	25.0	17.0	winter(1)	STF 518	AB	102	83.7	4.4	4.4	9.3	Very wide. Primary is orange or yellow. B is blue or red? B nearly due east.	Physical
				STF 518							winter(1)		AC	98	78.1		4.4	11.2	"Another dim companion. C is very close to B, 9"" apart! C north of B."	Physical
				STF 518							winter(1)		AD	38	481.4		4.4	12.6	Very faint and a long ways away. Looks like a field star. To the NE.	Optical
1 Cam	DL Cam	SAO 24672	HIP 21148	STF 550	Cam	04 32.0	+53 55	90.0	70.0	12.0	winter(1)	STF 550	AB	309	10.4	5.4	5.8	6.8	A and B bright. B NW of A. Very tight. Both look blue-white. A showcase pair for many.	Uncertain
				STF 550							winter(1)		BC	217	150.9		6.8	11.4	C much dimmer and well away to the SW. Looks pale blue?	Optical
Beta Cam	10 Cam	SAO 13351	HIP 23522	S  459	Cam	05 03.4	+60 27	100.0	60.0	11.0	winter(1)	S 459	AB	209	84.2	4.0	4.1	7.4	Wide pair. Yellow and deep blue. B to the SW. Lots of field stars.	Uncertain
				ES  58							winter(1)		BC	170	14.8		7.4	12.4	Interesting triple. Very dim. Close to B. In a hockey stick shape. C south of B.	Physical
Rho Ori	17 Ori	SAO 112528	HIP 24331	STF 654	Ori	05 13.3	+02 52	150.0	100.0	14.0	winter(1)	STF 654	AB	65	6.4	4.6	4.6	8.5	Fantastic colours. Gold and deep blue. Quite tight. To the NE.	Uncertain
				STF 654							winter(1)		AC	157	183.4		4.6	11.4	90° to A and B. Very far away, 20 to 25 times!	Optical
Mintaka	Delta Ori, 34 Ori	SAO 132220	HIP 25930	STFA 14	Ori	05 32.0	-00 18	90.0	45.0	16.0	winter(1)	BU 558	AC	4	56.2	2.4	2.4	6.8	Widely separated, very attractive. Primary is white, a little yellow. Next star medium blue.	Optical
HR 1887	HD 36960	SAO 132301	HIP 26199	STF 747	Ori	05 35.0	-06 00	90.0	45.0	16.0	winter(1)	STF 747	AB	225	36.0	4.3	4.7	5.5	Very similar, pale yellow. Easily separated at 145x. Near Iota Orionis and Messier 42.	Physical
				CLL  22							winter(1)		AC	12	68.2		4.7	9.0	Faint companion to the N.	Physical
Trapezium	Theta 1 Ori, 41 Ori	SAO 132314	HIP 26220	STF 748	Ori	05 35.3	-05 23	90.0	150.0	16.0	winter(1)	STF 748	AB	32	8.8	6.2	6.6	7.5	The Trapezium in the middle of M42. Stunning. B is NNE of A. Both white. Some report diff. colours.	Uncertain
				STF 748							winter(1)		AC	132	12.8		6.6	5.1	A, B, C, and D are all fairly easy. C is SE of A.	Optical
				STF 748							winter(1)		AD	97	21.5		6.6	6.4	A, B, C, and D are all fairly easy. D is kitty-corner from and east of A.	Uncertain
				STF 748							winter(1)		AE	352	4.6		6.6	11.1	E and F get harder. Need good seeing. E is between A and B (but not in-line).	Uncertain
				STF 748							winter(1)		BF	154	20.5		7.5	11.5	And higher magnification. F is SE of C.	Uncertain
				MZA  16							winter(1)		CZ	338	6.5		5.1	12.7	Bonus points!	Uncertain
Beta Mon	11 Mon	SAO 133316	HIP 30867	STF 919	Mon	06 28.8	-07 02	90.0	100.0	27.0	winter(1)	STF 919	AB	133	7.1	4.0	4.6	5.0	Same colour, white. Extremely tight. Bright. B a tiny bit dimmer than A. SE of A.	Uncertain
				STF 919							winter(1)		AC	125	9.8		4.6	5.4	At low power B is not round. B very tight to C. C slightly dimmer than B. SE of B.	Uncertain
				BU 570							winter(1)		AD	55	26.6		4.6	12.1	Four or five times the AB sep., to the NE, a right angle to A-B-C. Very faint, needs averted.	Uncertain
HD 34071	TYC 5902-1722-1	SAO 150258		GAL 378	Lep	05 14.1	-16 40	100.0	50.0	16.0	winter(1)	GAL 378	AB	318	39.1	7.5	7.8	9.2	Yellow and orange. Nice. Primary is a K2 star. Near Mu Lep. Shown as single star in PSA.	Optical
Gamma Lep	Kursi al Jabbar, 13 Lep	SAO 170759	HIP 27072	H 6  40	Lep	05 44.5	-22 27	90.0	25.0	16.0	winter(1)	H 6 40	AB	350	97.4	3.5	3.6	6.3	Colourful, unequal stars. Bright primary, yellow. Faint secondary, orange.	Physical
				H 5  50							winter(1)		BC	8	112.1		6.3	11.4	Faint distant companion to the N.	Optical
HD 51502	PPM 123322	SAO 96325	HIP 33529	STTA 80	Gem	06 58.1	+14 14	100.0	25.0	25.0	winter(1)	STTA 80	AB	53	124.1	6.6	7.3	7.4	Appears as a little triangle of stars in finder. Yellow primary, yellow secondary. To the NE.	Optical
				STTA 80							winter(1)		AC	112	81.2		7.3	8.4	The tertiary star was orange. To the SE. Neat! In a rich field.	Uncertain
				ARN  1							winter(1)		AD	286	86.3		7.3	10.3	Dim. Orange-red. To the W.	Optical
Mekbuda	Zeta Gem, 43 Gem	SAO 79031	HIP 34088	SHJ  77	Gem	07 04.1	+20 34	100.0	25.0	25.0	winter(1)	SHJ 77	AB	85	87.4	4.1	4.1	11.5	In an obvious triangle. Awesome. Light yellow primary. B dim to the E. In a neat field.	Uncertain
				SHJ  77							winter(1)		AC	347	100.2		4.1	7.7	Fairly bright star to N. A light yellow; B blue. At a 90° angle to A and B. Much brighter than B.	Optical
				SHJ  77							winter(1)		AD	354	67.8		4.1	12.5	Use averted vision. Between C and A stars.	Uncertain
HR 2764	Winter Albireo, 145 CMa	SAO 173349	HIP 35210	HJ 3945	CMa	07 16.6	-23 19	90.0	45.0	27.0	winter(1)	HJ 3945	AB	50	26.8	4.6	5.0	5.8	The Winter Albireo. Main star orangey. Companion is pale, sky blue. Wonderful sight.	Optical
19 Lyn	HD 57103, HR 2784	SAO 26312	HIP 35785	STF1062	Lyn	07 22.9	+55 17	90.0	45.0	23.0	winter(2)	STF1062	AB	316	14.8	5.4	5.8	6.7	A, B, and D obvious in a flattened triangle. Primary is white; secondary blue? Oriented SE to NW.	Physical
				STF1062							winter(2)		AD	6	215.3		5.8	7.6	A, B, and D obvious in a flattened triangle. Bright. Well to the N.	Physical
				STF1062							winter(2)		BC	288	74.1		6.7	12.8	To the west. Dim!	Physical
HD 75353	TYC 2491-00983-3	SAO 61077	HIP 43426	STF1282	Lyn	08 50.7	+35 04	150.0	140.0	22.0	winter(2)	STF1282	AB	279	3.5	6.9	7.6	7.8	Equal, similar colours. Both white? Pleasing separation at 71x; tight at 54x. Many field stars.	Physical
				SLE1025							winter(2)		AC	10	49.4		7.5	12.4	Dim and distant. Nearly due N. Orange.	Physical
Alpha Lyn	40 Lyn, HD 80493	SAO 61414	HIP 45860	STT 571	Lyn	09 21.0	+34 24	100.0	25.0	33.0	winter(2)	STT 571	AB	43	223.3	3.3	3.3	8.8	Great system. The BC pair was far away NE. Incredible orange and blue at low power.	Optical
				STF1342							winter(2)		BC	313	16.7		8.8	11.1	Faint. Use high power. Visible at low power in good seeing. Colourless. 90° to AB line.	Uncertain
HR 2910	N Pup, HD 60585	SAO 174020	HIP 36817	H N 19	Pup	07 34.3	-23 28	90.0	100.0	27.0	winter(2)	H N 19	AB	117	9.6	5.1	5.8	5.9	aka HR 2909. Cool! Car headlights. Nearly same brightness. Same light yellow colour.	Physical
2 Pup	HR 3010	SAO 153363	HIP 37843	STF1138	Pup	07 45.5	-14 41	90.0	45.0	26.0	winter(2)	STF1138	AB	341	16.8	5.5	6.0	6.7	To the N. Nearly equal colour. Yellow and blue. Nearly equal brightness. Not far from Messier 46.	Physical
				STF1138							winter(2)		AC	229	100.0		6.0	10.6	Dim and distant. To the SW. White.	Uncertain
Tegmen	Zeta 1 Cnc, 16 Cnc	SAO 97645	HIP 40167	STF1196	Cnc	08 12.2	+17 39	90.0	100.0	24.0	spring(1)	STF1196	AB	8	1.1	4.5	5.3	6.3	or Tegmine. At high power, not round, a figure-8. Almost in-line with C. Split at 391x in 2012.	binary
				STF1196							spring(1)		AC	51	6.3		5.3	5.9	Pleasing at 52x. Main pale yellow colour, companion hint of orange? To the NE.	Physical
				STF1196							spring(1)		AD	107	275.6		4.9	8.9	Faint, well away to the E.	Optical
				ENH 1							spring(1)		AE	26	562.2		4.9	10.1	NNE, further away than D.	Optical
				ENH 1							spring(1)		AF	46	638.1		4.9	10.3	The faintest of all. East of the E star. aka TYC 01381-0323 1.	Optical
				ENH 1							spring(1)		AG	332	672.3		4.9	10.2	G is to the NW, at a right angle to E star, about the same distance that E was from A.	Optical
HR 3395	HD 72945	SAO 116929	HIP 42172	STF1245	Cnc	08 35.8	+06 37	90.0	70.0	24.0	spring(1)	STF1245	AB	25	10.1	5.7	6.0	7.2	Yellow and white. In middle of a triangle. B was roughly north.	Physical
				STF1245							spring(1)		AC	109	100.4		6.0	10.7	C was to the east, was dimmer than E. C looked red. Opposite D.	Optical
				STF1245							spring(1)		AD	292	110.3		6.0	11.9	Dim. Opposite C.	Optical
				STF1245							spring(1)		AE	207	114.8		6.0	9.6	Brighter than C. Blue. To the south.	Optical
				ANT  4							spring(1)		AG	211	120.5		6.0	12.3	The dimmest of all. Furthest out.	Uncertain
HD 75646	TYC 1946-02159-1	SAO 80467	HIP 43535	STTA 96	Cnc	08 52.0	+25 43	90.0	45.0	24.0	spring(1)	STTA 96	AB	312	50.0	7.3	7.7	8.5	Sparse field. Colourful. Bright primary SE, secondary NW. Lovely. A great system. Yellow-blue.	Optical
				STTA 96							spring(1)		AC	267	35.6		7.7	10.7	C is red. Very dim. W of A. At apex of right-angle bend, so B due north of C and A due east.	Uncertain
HD 73668	TYC 0223-01420-1	SAO 117000	HIP 42488	STF1255	Hya	08 39.7	+05 46	90.0	45.0	24.0	spring(1)	STF1255	AB	30	26.0	7.0	7.3	8.6	Near ε and ζ. Faint pair. Easy split at 62x. Yellow and orange. NE.	Physical
				STF1255							spring(1)		BD	22	71.5		8.6	12.6	Additional companion needs a bigger aperture. Beyond B star.	optical
Tau 1 Hya	31 Hya, Ukdah I	SAO 136895	HIP 46509	HJ 1167	Hya	09 29.2	-02 46	90.0	25.0	37.0	spring(1)	HJ 1167	AB	4	67.5	4.5	4.6	7.3	Pleasing warm yellow main star and pale orange companion. Widely separated at 110x.	Physical
HR 3963	HD 87344, SHJ 110	SAO 155704	HIP 49321	BU 1072	Hya	10 04.0	-18 06	90.0	70.0	37.0	spring(1)	BU 1072	AB	53	12.7	5.8	6.2	12.1	"""HR 3963 fun starhop from Alphard."" Will need larger aperture for B star. East of the primary"	Optical
				SHJ 110							spring(1)		AC	273	21.2		6.2	7.0	Wide pair at 48x. Blue or blue-white and orange. Faint. Oriented to the W.	Optical
HR 4363	HD 97855	SAO 27970	HIP 55044	STF1520	UMa	11 16.1	+52 46	90.0	70.0	32.0	spring(1)	STF1520	AB	344	12.4	6.2	6.5	7.8	Slightly unequal intensities. Nice. Medium tight. Secondary orange and main yellow.	Physical
HD 100054	TYC 3831-00765-1	SAO 28043	HIP 56202	STF1544	UMa	11 31.3	+59 42	90.0	70.0	32.0	spring(1)	STF1544	AB	91	12.2	6.8	7.3	8.0	Wide pair. Easy in big 'scope. Yellow and pale blue. Very similar brightness, B very slightly dimmer.	Uncertain
83 Leo	HR 4414	SAO 118864	HIP 55846	STF1540	Leo	11 26.7	+03 01	90.0	45.0	34.0	spring(1)	STF1540	AB	150	28.4	6.2	6.6	7.5	Bright stars. B SE. Easy split, tighter than Tau AB. West of Tau Leo. Both yellow. Two in the view.	Binary
				STF1540							spring(1)		AC	191	205.2		6.6	11.1	Faint and well away, 10x. To the S.	Optical
Tau Leo	84 Leo	SAO 118875	HIP 55945	STFA 19	Leo	11 27.9	+02 51	100.0	25.0	34.0	spring(1)	STFA 19	AB	182	88.5	5.0	5.1	7.5	Neat system. A yellow-white, B blue, much dimmer. South. Wide. Beside 83 Leo. Two in the view.	Optical
				STFA 19							spring(1)		AD	92	761.2		5.1	9.5	D, far afield east, very wide. Brighter than B! About 90° from AB angle. White, maybe blue white.	Optical
HD 105590	TYC 5522-01685-1	SAO 157111	HIP 59272	STF1604	Crv	12 09.5	-11 51	100.0	70.0	47.0	spring(2)	STF1604	AB	88	9.0	6.8	6.9	10.0	Very cool. Tight. Equilateral triangle. B faint. Fantastic colours at 217x! Yellow and red. Sparse field.	Physical
				STF1604							spring(2)		AC	3	10.5		6.9	8.1	C, aka SAO 157112, is brighter than B. To the N. Fantastic colours again, A yellow; C blue.	Optical
Algorab	Delta Crv, 7 Crv	SAO 157323	HIP 60965	SHJ 145	Crv	12 29.9	-16 31	100.0	50.0	47.0	spring(2)	SHJ 145	AB	215	24.0	3.0	3.0	8.5	Contrasting brightness. Wide. Pretty at low power. Main is white or pale yellow. Companion: white.	Uncertain
HD 109556	TYC 5530-02065-1	SAO 157384	HIP 61466	STF1659	Crv	12 35.7	-12 01	100.0	40.0	47.0	spring(2)	STF1659	AB	351	28.1	7.3	7.9	8.3	Lots going on! A triad shape, close faint pair in the middle. A is to the south. Slightly warmer colour.	Physical
				STF1659							spring(2)		AC	69	43.8		7.9	10.9	Extremely faint, spotted at 139x. Right angle to A and B. Blue-white. Near HD 109875.	Uncertain
				STF1659							spring(2)		AD	32	189.8		7.9	9.9	D was very faint to the NE. Further out from A than E. Blue-white.	Optical
				STF1659							spring(2)		AE	275	151.2		7.9	6.8	West (opposite C, a right-angle again). Fairly bright. Tiny bit closer to A than the D star. Blue-white.	Optical
				STF1659							spring(2)		AF	139	209.4		7.9	6.6	F brightest of all the members, to the SE. Slightly further from A than D. Blue-white.	Optical
2 CVn	HR 4666	SAO 44097	HIP 59831	STF1622	CVn	12 16.1	+40 40	90.0	70.0	43.0	spring(2)	STF1622	AB	260	12.1	5.8	5.9	8.7	Colourful pair. Orange and blue. Pleasingly close at 78x. Lovely.	Optical
Cor Caroli	Alpha 2 CVn, 12 CVn	SAO 63257	HIP 63125	STF1692	CVn	12 56.0	+38 19	90.0	70.0	43.0	spring(2)	STF1692	AB	230	19.5	2.8	2.9	5.5	Main very white blue, partner pale yellow green? Fairly close. Easy to separate at 40x Nice at 48x!	Physical
HR 4698	HD 107398	SAO 82254	HIP 60197	STF1633	Com	12 20.7	+27 03	90.0	100.0	45.0	spring(2)	STF1633	AB	245	8.9	6.3	7.0	7.1	Not far from open cluster Collinder 256. WSW. Pale yellow, both.	Uncertain
12 Com	HR 4707	SAO 82273	HIP 60351	SHJ 143	Com	12 22.5	+25 51	100.0	25.0	45.0	spring(2)	SHJ 143	AB	57	36.7	4.9	4.9	11.8	Fainter than the eastern triangle stars including TYC 1989-0807 1. Shown as single star in PSA.	Optical
				SHJ 143							spring(2)		AC	168	59.0		4.9	8.9	To the S. Wide pair, about double AB. Yellow and orange. Within open cluster Collinder 256.	Physical
				ARN  6							spring(2)		AD	132	213.1		4.9	10.1	A star further along, more to the east, making a hockey stick with A and C, same brightness as C.	Optical
24 Com	HR 4792	SAO 100160	HIP 61418	STF1657	Com	12 35.1	+18 23	90.0	70.0	45.0	spring(2)	STF1657	AB	272	20.2	4.8	5.1	6.3	A nice wide colourful double. Yellow is the primary and white-blue is the secondary.	Physical
HD 110932	TYC 0881-00563-1	SAO 100236	HIP 62248	STF1678	Com	12 45.4	+14 22	90.0	45.0	45.0	spring(2)	STF1678	AB	170	37.5	6.7	7.2	7.7	Nearly equal stars. Maybe orange. And white or yellow. Nice. Quite wide at 48x but attractive.	Optical
32 Com	HR 4884	SAO 100309	HIP 62807	STFA 23	Com	12 52.2	+17 04	90.0	25.0	45.0	spring(2)	STFA 23	AB	51	196.3	6.0	6.5	7.0	Extremely wide at medium power. 32-33 Com. Orange and blue. To the NE.	Optical
				STFA 23							spring(2)		AC	262	905.1		6.5	9.0	C star is dim grey or yellow. A and C might be opposite edges of field of view at very low power!	Optical
HD 112278	TYC 0885-01206-1	SAO 100337	HIP 63081	STF1689	Vir	12 55.5	+11 30	100.0	50.0	45.0	spring(2)	STF1689	AB	223	30.2	6.9	7.1	9.1	In a hook shape of stars. Tight pair. Yellow-white  and orange-red. Challenging. Near NGC 4762.	Optical
Asellus Tertius	Kappa 2 Boo, 17 Boo	SAO 29046	HIP 69483	STF1821	Boo	14 13.5	+51 47	90.0	100.0	42.0	spring(2)	STF1821	AB	236	13.7	4.4	4.5	6.6	Beside iota Boo. Two in the view. Nice double. Pale yellow and very pale blue?	Physical
Iota Boo	Asellus Secundus, 21 Boo	SAO 29071	HIP 69713	STFA 26	Boo	14 16.2	+51 22	90.0	45.0	42.0	spring(2)	STFA 26	AB	33	38.9	4.7	4.8	7.4	Beside kappa Boo. Two in the view. Main pale yellow; companion medium pale orange.	Physical
Delta Boo	49 Boo, Thiba	SAO 64589	HIP 74666	STFA 27	Boo	15 15.5	+33 19	100.0	25.0	53.0	spring(2)	STFA 27	AB	78	105.0	3.6	3.6	7.9	Yellow and pale blue-green. Wide. Easy at 48x. ENE.	Physical
Alkalurops	Mu 1 Boo, 51 Boo	SAO 64686	HIP 75411	STFA 28	Boo	15 24.5	+37 23	90.0	25.0	53.0	spring(2)	STFA 28	AB	172	109.0	4.2	4.3	7.1	At 54x, a wide pair. Primary pale yellow or white. Companion quite dim. White? South.	Physical
				STF1938							spring(2)		Ba,Bb	4	2.3		7.1	7.6	Split at 145x. Both white. Angle of tight pair almost same A and the pair.	Binary
HR 5397	HD 126367, BU 225	SAO 158558	HIP 70518	SHJ 179	Lib	14 25.5	-19 58	100.0	25.0	46.0	spring(2)	SHJ 179	AB	296	35.0	6.1	6.6	7.2	NW. Nice. Nearly equal brightness. White or yellow and orange. Surrounded by doubles.	Physical
				BU  225							spring(2)		BC	91	1.2		7.2	8.4	Very tight. Large aperture and good seeing needed. C east of B.	Physical
Zuben Elgenubi	Alpha 2 Lib, 9 Lib	SAO 158840	HIP 72622	SHJ 186	Lib	14 50.9	-16 03	35.0	7.0	46.0	spring(2)	SHJ 186	AB	314	231.1	2.6	2.7	5.2	Use binoculars! Extremely wide. White, bright; pale orange. NW.	Physical
				AOT 53							spring(2)		AC	291	275.6		2.7	12.5	Even further away but so dim a telescope is needed. WNW.	Uncertain
HR 5816	HD 139461	SAO 140672	HIP 76603	STF1962	Lib	15 38.7	-08 47	90.0	70.0	57.0	spring(2)	STF1962	AB	190	11.7	5.7	6.4	6.5	A nice pair in a 100mm at 55x. Pleasing, tight. Equally bright. Identical in colour: pale yellow.	Physical
HD 139691	TYC 2577-01756-1	SAO 64821	HIP 76563	HU 1167	CrB	15 38.2	+36 15	100.0	70.0	53.0	spring(2)	HU 1167	AB	81	1.2	7.3	8.1	9.9	Requires aperture greater than 90mm. Near Zeta 1 and 2 Coronae Borealis. E of A.	Binary
				STF1964							spring(2)		AC	90	14.5		8.1	8.1	Wide, equal brightness. Orange and blue. C is due E of A. Fainter than zeta CrB.	Physical
				STF1964							spring(2)		AD	84	15.1		8.1	9.0	Dim. C and D are inline and are very close to each other. Likely merged together.	Physical
HR 6043	HD 145802	SAO 65129	HIP 79350	STT 305	CrB	16 11.7	+33 21	90.0	100.0	53.0	spring(2)	STT 305	AB	263	5.7	6.4	6.4	10.2	B medium-bright star immediately west, very close, almost touching primary! Beige and pale blue.	Physical
Sigma CrB	17 CrB, TZ Crb	SAO 65165	HIP 79607	STF2032	CrB	16 14.7	+33 51	150.0	100.0	53.0	spring(2)	STF2032	AB	239	7.3	5.2	5.6	6.5	Nice double star. Similar magnitudes. Pretty tight. White; pale orange. Oriented NE to SW.	Binary
				STF2032							spring(2)		AD	82	93.5		5.6	10.8	Faint. Very wide. Nearly due E of A.	Optical
				STF2032							spring(2)		AE	241	634.8		5.6	12.3	Dimmer. Extraordinarily wide. To the SW, beyond B.	Physical
HD 144564	TYC 0957-00526-1	SAO 101922	HIP 78875	STF2007	Ser (Cap)	16 06.0	+13 19	90.0	70.0	55.0	spring(3)	STF2007	AB	322	37.5	6.6	6.9	8.0	Colourful stars. A is yellow with a hint orange while B is white. B is NW. Nice triple. Interesting field.	Optical
				STF2007							spring(3)		AC	137	162.7		6.9	10.8	Wide pair, easily separated. Opposite B. The C attendant is in an arc of stars. Serpens Caput.	Optical
Xi Sco	Grafias, HR 5978	SAO 159665	HIP 78727	STF1998	Sco	16 04.4	-11 22	90.0	100.0	56.0	summer(1)	STF1998	AB	9	1.1	5.1	5.2	4.9	Grafias. Very low through high power. AB is super-tight. Pale gold both. Big 'scope and 200x?	Binary
				STF1998							summer(1)		AC	43	7.5		5.2	7.3	Colourful stars. NE of A. Bright stars. C is easy split, at low power. C is orange.	Binary
Theta 1 Ser	Alya, 63 Ser	SAO 124068	HIP 92946	STF2417	Ser (Cau)	18 56.2	+04 12	90.0	45.0	65.0	summer(1)	STF2417	AB	104	22.5	4.0	4.6	4.9	aka Alya. Identical stars, like eyes. Tight. A nice double, white stars. Serpens Cauda. ESE.	Physical
				STF2417							summer(1)		AC	58	421.0		4.6	6.8	Slightly fainter but much further out. NE. White and yellow.	Optical
Rasalgethi	Alpha 1 Her, 64 Her	SAO 102680	HIP 84345	STF2140	Her	17 14.6	+14 23	100.0	150.0	54.0	summer(1)	STF2140	AB	103	4.6	3.3	3.5	5.4	Lovely. A brilliant shimmering orange star with pale blue companion. Relatively tight at 217x.	Binary
				STF2140							summer(1)		AD	39	79.2		3.5	11.1	D obvious in good conditions. To the NE. White. Comparatively far away.	Optical
100 Her	HR 6781	SAO 85753	HIP 88818	STF2280	Her	18 07.8	+26 06	90.0	45.0	65.0	summer(1)	STF2280	AB	183	14.3	5.0	5.8	5.8	A and B are Identical. Exact same brightness and colour. Both white. South.	Optical
				STF2280							summer(1)		AC	127	79.9		5.9	11.8	Dim, to the SE, and about 5 times the AB separation.	Uncertain
17 Dra	HR 6185	SAO 30013	HIP 81292	STF2078	Dra	16 36.2	+52 55	150.0	140.0	52.0	summer(1)	STF2078	AB	104	3.3	5.0	5.4	6.4	Very tight. Switch from low power to high power. ESE. Both white.	Physical
				STFA 30							summer(1)		AC	193	90.0		5.4	5.5	16 and 17 Draconis might well be a binocular target. Similar colours and brightness. Nice. South.	Physical
				STFA 30							summer(1)		CD	123	123.9		5.5	11.2	Possible beyond the light grasp of binoculars or a small telescope. To the SE.	Optical
Kuma	Nu 2 Dra, 25 Dra	SAO 30450	HIP 85829	STFA 35	Dra	17 32.3	+55 10	90.0	25.0	52.0	summer(1)	STFA 35	AB	311	62.1	4.1	4.9	4.9	aka Dragon's Eyes. Wide. Same brightness. One is white; the other a hint of yellow. Very good.	Physical
Dsiban	Psi 1 Dra, 31 Dra	SAO 8890	HIP 86614	STF2241	Dra	17 41.9	+72 09	90.0	45.0	51.0	summer(1)	STF2241	AB	17	30.1	4.2	4.6	5.6	Wide pair. Surprisingly. Main bright yellow; companion dark yellow or yellow with a hint of orange.	Binary
				STF2241							summer(1)		AC	107	78.1		4.6	11.1	Dim and twice the separation. Right angle. C is nearly due E of A.	Optical
41 Dra	HR 6810	SAO 8996	HIP 88136	STF2308	Dra	18 00.2	+80 00	90.0	70.0	61.0	summer(1)	STF2308	AB	232	18.8	5.1	5.7	6.0	Nice. Wide. Nearly equal colour and brightness. Not very colourful...  SW.	Binary
				STF2308							summer(1)		AC	129	224.8		5.7	8.3	Wide pair, C is to the SE. Surprisingly close to Ursa Minor.	Optical
HR 7083	HD 174208	SAO 142661	HIP 92391	H 6  50	Sct	18 49.7	-05 55	100.0	25.0	67.0	summer(1)	H 6 50	AB	358	24.8	6.0	6.2	12.5	Dim close-in companion. Due N. Beside Wild Duck Cluster.	Uncertain
				H 6  50							summer(1)		AC	171	111.8		6.2	8.2	The stars looked yellow and blue. Wide. S.	Optical
Epsilon 1 Lyr	Double Double, 4 Lyr	SAO 67310	HIP 91919	STF2382	Lyr	18 44.3	+39 40	150.0	140.0	63.0	summer(1)	STF2382	AB	345	2.3	3.9	5.2	6.1	Tight pair to the north. This pair is the same colour, white.	Binary
				STFA 37							summer(1)		AB,CD	172	209.5		4.7	4.6	The Double Double. Tim Horton Star! :-) Easy in binoculars. Can you see naked eye?! White.	Physical
				STF2383							summer(1)		CD	74	2.4		5.3	5.4	Tight pair to the south. Slightly different colours. Subtle. 90° angle to AB alignment.	binary
				STFA 37							summer(1)		AI	137	149.5		5.2	10.1	Faint. Bright, east of F. Easily seen at 226x. Pale yellow.	Optical
				SHJ 277							summer(1)		CF	0	93.3		4.6	12.7	Very faint. Between AB and CD. Closer to AB and eastward. Use averted. Pale yellow.	Uncertain
				STF2383							summer(1)		CE	334	63.2		5.3	12.3	Very faint. Between AB and CD. Westward. Brighter than F. Pale yellow.	Optical
Sheliak	Beta Lyr, 10 Lyr	SAO 67451	HIP 92420	STFA 39	Lyr	18 50.1	+33 22	90.0	45.0	63.0	summer(1)	STFA 39	AB	149	45.7	3.5	3.6	6.7	Close at 17x but wide at 71x. Primary brilliant white with hint of yellow. Secondary looks green.	Uncertain
				BU  293							summer(1)		AE	317	67.2		3.6	10.1	No trouble at 78x. Blue-white? To the NW.	Optical
				BU  293							summer(1)		AF	18	86.0		3.6	10.6	Blue-white? To the NE. This whole multi-star system is not far from the Ring Nebula.	Uncertain
HR 7140	HD 175635	SAO 67566	HIP 92833	STT 525	Lyr	18 54.9	+33 58	90.0	45.0	63.0	summer(1)	STT 525	AB	130	1.8	5.9	6.1	9.1	Very faint companion very close to the primary. Visible in large 'scope. Orange or yellow.	Uncertain
				SHJ 282							summer(1)		AC	350	45.4		6.1	7.6	Nice wide double. Classic colours: pale yellow and pale blue. Near the Ring Nebula. To the N.	Physical
				SHJ 282							summer(1)		AD	295	214.8		6.1	11.0	Very faint and far from primary. To the NW.	Optical
HR 7099	HD 174569	SAO 104170	HIP 92475	STF2404	Aql	18 50.8	+10 59	150.0	140.0	65.0	summer(1)	STF2404	AB	182	3.5	6.5	6.9	7.8	Pretty. South. Yellow and orange at lower power. Interesting. Near open cluster NGC 6709.	Uncertain
15 Aql	h Aql, HR 7225	SAO 142996	HIP 93717	SHJ 286	Aql	19 05.0	-04 02	90.0	45.0	67.0	summer(1)	SHJ 286	AB	211	39.6	5.3	5.5	7.0	Very interesting pair. Hard to get colours. Bright one seemed a dark yellow; companion looks red.	Optical
57 Aql	HR 7593	SAO 143898	HIP 97966	STF2594	Aql	19 54.6	-08 14	90.0	45.0	66.0	summer(1)	STF2594	AB	171	35.7	5.2	5.7	6.4	Nice pair. Almost equal in magnitude. The brighter one is a pale blue; fainter star is pale yellow.	Physical
HR 7294	HD 179958	SAO 48193	HIP 94336	STF2486	Cyg	19 12.1	+49 52	90.0	100.0	63.0	summer(2)	STF2486	AB	204	7.1	5.8	6.5	6.7	Two gold stars, equally coloured, equally bright. Easily split at 145x. Beside triple HR 7311.	Binary
				STF2486							summer(2)		AD	104	196.0		6.5	11.1	Very faint. Far away to the SE. May be referred to as HD 179957 and HR 7293.	Optical
HR 7529	HD 186901	SAO 68805	HIP 97228	STF2578	Cyg	19 45.7	+36 05	90.0	70.0	62.0	summer(2)	STF2578	AB	125	14.9	5.9	6.4	7.0	Nearly equal. White and orange. Almost east-west. Lots of faint stars. Attractive at 48x.	Optical
				STF2578							summer(2)		AC	356	44.3		6.4	12.5	The C and D stars popped at 226x. C to the north.	Uncertain
				STF2578							summer(2)		AD	70	95.0		6.4	12.4	The C and D stars popped at 226x. D to the NE.	Uncertain
				STF2578							summer(2)		AF	251	144.5		6.4	9.2	The curious star to the far west.	Optical
U Cyg	HD 193700	SAO 49479	HIP 100230	BLL 49	Cyg	20 19.7	+47 54	90.0	45.0	62.0	summer(2)	BLL 49	AB	231	65.4	7.6	8.0	9.0	The A star is highly variable, may be dimmer than B. Pale orange and red. SW.	Optical
61 Cyg	V1803 Cyg	SAO 70919	HIP 104214	STF2758	Cyg	21 07.0	+38 46	90.0	45.0	73.0	summer(2)	STF2758	AB	153	31.8	4.8	5.2	6.1	Close. SE. Both light gold. Almost equal brightness. B is slightly fainter than A. Pretty system.	Binary
				STF2758							summer(2)		AC	219	839.8		5.4	10.2	Ay carumba! Very wide. To the SW. Rich field. Surrounded by many faint stars.	Optical
				STF2758							summer(2)		AD	250	748.0		5.4	10.5	Use a detailed atlas or powerful software to identify field stars from official companions. Very wide.	Optical
				STF2758							summer(2)		AE	267	340.8		5.4	9.6	Use atlas or software to identify field stars from official companions. Very wide. Due W.	Optical
				STF2758							summer(2)		AF	240	371.2		5.4	11.3	Use atlas or software to identify field stars from official companions. Very wide. SW.	Optical
				STF2758							summer(2)		AG	236	260.4		5.4	11.3	Use atlas or software to identify field stars from official companions. Very wide. SW.	Optical
				STF2758							summer(2)		AH	268	117.5		5.4	10.0	Use atlas or software to identify field stars from official companions. Wide. W.	Optical
				SMR  1							summer(2)		AI	239	28.3		5.4	10.7	Use atlas or software to identify field stars from official companions. Close. SW.	Optical
				HZE  4							summer(2)		AJ	241	17.5		2.3	12.4	Use atlas or software to identify field stars from official companions. Tight. Faint. SW.	Uncertain
				SMR  40							summer(2)		AO	281	163.4		5.4	12.7	Use atlas or software to identify field stars from official companions. Wide. Faint. W.	Optical
				SMR  40							summer(2)		AP	285	159.6		5.4	12.8	Use atlas or software to identify field stars from official companions. Wide. Faint. W.	Optical
HD 200392	TYC 1660-00673-1	SAO 89397	HIP 103852	BU 69	Vul	21 02.6	+21 41	100.0	25.0	75.0	summer(2)	BU 69	AC	241	74.6	7.4	8.4	8.0	In a hockey stick, in the blade. Main was a touch brighter than B. Wide. WSW. White and orange.	Uncertain
HR 8101	HD 201671	SAO 89505	HIP 104539	STF2769	Vul	21 10.5	+22 27	90.0	45.0	75.0	summer(2)	STF2769	AB	300	18.2	6.2	6.7	7.4	Obvious. Bright star yellow. B blue? Nearly equal brightness. Oriented nearly perfectly east-west.	Physical
HD 183014	TYC 1612-00787-1	SAO 87218	HIP 95612	STF2523	Vul	19 26.8	+21 10	100.0	50.0	64.0	summer(2)	STF2523	AB	148	6.4	7.3	8.0	8.1	Nearly equal. Part of a triangle, at north apex. Very tight, blue-white stars. Near Coathanger.	Physical
				STF2523							summer(2)		AC	147	250.8		8.0	7.2	Very wide. SE. Similar brightness to AB.	Uncertain
				KRU  8							summer(2)		CD	139	10.5		7.2	12.8	Fantastic. Unequal stars in brightness and colour. White and orange. Classic! Near HLM 23.	Uncertain
V340 Sge	HR 7475	SAO 105104	HIP 96688	H N 84	Sge	19 39.4	+16 34	100.0	50.0	64.0	summer(2)	H N 84	AB	301	28.4	6.3	6.4	9.5	WNW. Wide at 55x. Orange and blue. Or green? Unequal. Interesting. Near epsilon Sge.	Uncertain
Theta Sge	17 Sge	SAO 88276	HIP 99352	STF2637	Sge	20 09.9	+20 55	100.0	70.0	64.0	summer(2)	STF2637	AB	332	11.6	6.2	6.6	8.9	NNW. Tight. Primary yellow-white, partner orange-yellow. Interesting. Low and high power.	Physical
				STF2637							summer(2)		AC	222	91.3		6.6	7.5	C is yellow with a touch of orange. To the SW!	Optical
				STF2637							summer(2)		AD	226	172.8		6.6	11.9	Harder. Grey? D is beyond C. Surrounded by other doubles.	Optical
HR 8281	HD 206267, STF 2816	SAO 33626	HIP 106886	STF2816	Cep	21 39.0	+57 29	90.0	70.0	73.0	summer(2)	BU 1143	AC	121	11.8	5.5	5.7	7.5	Within open cluster IC 1396. In Elephant Trunk. Wow! White-yellow; companion SW yellow-orange.	Physical
				STF2816							summer(2)		AD	339	20.6		5.7	7.5	The companion to the north, D, the bright one, slightly further, is dull yellow.	Physical
HR 8357	HD 208095	SAO 33819	HIP 107930	STF2840	Cep	21 52.0	+55 48	90.0	45.0	73.0	summer(2)	STF2840	AB	197	18.1	5.2	5.6	6.4	SSW. Nearly equal brightness stars, whitish in colour. Near some close colourful stars.	Optical
Alkurhah	Xi Cep, 17 Cep, Kurhah	SAO 19827	HIP 108917	STF2863	Cep	22 03.8	+64 38	90.0	70.0	71.0	summer(2)	STF2863	AB	274	8.4	4.3	4.5	6.4	Tight. Main is light yellow. At low power partner looks blue. Pretty, near a loose gaggle of stars.	Binary
				STF2863							summer(2)		AC	206	109.5		4.5	12.6	Very faint start to the south-west, well away.	Optical
Delta Cep	27 Cep	SAO 34508	HIP 110991	STFA 58	Cep	22 29.2	+58 25	90.0	45.0	72.0	summer(2)	STFA 58	AC	191	41.0	4.0	4.2	6.1	S. Very wide pair, wide even at 36x. Yellow and blue. Assess variable brightness while here.	Physical
Kappa Cep	1 Cep, Al Aghnam I	SAO 9665	HIP 99255	STF2675	Cep	20 08.9	+77 43	150.0	140.0	61.0	summer(2)	STF2675	AB	120	7.3	4.4	4.4	8.3	ESE. White and orange. Many magnitudes different. Very close together. A neat system!	Physical
				STF2675							summer(2)		AC	334	170.2		4.4	10.3	The C star is dimmer and to the north-west. Bluish.	Optical
Alpha 1 Cap	Al Giedi, Prima Giedi, 5	SAO 163422	HIP 100027	HJ  607	Cap	20 17.6	-12 31	100.0	25.0	66.0	summer(2)	BU 295	AC	222	46.9	4.2	4.2	9.6	C is south-west. Yellow-blue. Do not get distracted by binocular double with alpha 2.	Optical
Dabih	Beta Cap, 9 Cap	SAO 163481	HIP 100345	STFA 52	Cap	20 21.0	-14 47	35.0	7.0	66.0	summer(2)	STFA 52	AB	267	205.4	3.0	3.2	6.1	Use binoculars! Very wide. Bright yellow and bright blue stars. To the W.	Physical
				STFA 52							summer(2)		AC	133	226.1		3.2	8.8	Flanking. SE. Dark blue. They form an isosceles triangle.	Physical
Omicron Cap	12 Cap	SAO 163626	HIP 101123	SHJ 324	Cap	20 29.9	-18 35	90.0	45.0	66.0	summer(2)	SHJ 324	AB	239	21.9	5.5	5.9	6.7	Two equal pale blue white stars. WSW.	Physical
HD 196411	TYC 1100-01112-1	SAO 106302	HIP 101700	STF2703	Del	20 36.8	+14 44	100.0	40.0	64.0	summer(2)	STF2703	AB	289	25.0	7.6	8.4	8.4	NW. A and B are blue-ish. Equal brightness. Faint. Near multi-star system Rotanev.	Uncertain
				STF2703							summer(2)		AC	234	77.8		8.4	8.8	Blue-ish. C slightly fainter than A and B. South-west of B.	Optical
				STF2703							summer(2)		AD	347	84.7		8.4	12.8	Very faint. Flanking, to the north.	Uncertain
Gamma 2 Del	12 Del, Al Salib	SAO 106476	HIP 102532	STF2727	Del	20 46.7	+16 07	90.0	100.0	64.0	summer(2)	STF2727	AB	266	8.9	3.9	4.4	5.0	Bright yellow gold pair of stars, fairly tight at 77x. West.	binary
3 Peg	HR 8265	SAO 126940	HIP 106783	STFA 56	Peg	21 37.7	+06 37	90.0	45.0	75.0	autumn(1)	STFA 56	AB	348	38.8	5.9	6.2	7.5	NNW. White and orange. Equal. Stunning. Near a faint double. Two in the view.	Physical
Epsilon Equ	1 Equ	SAO 126428	HIP 103569	STF2737	Equ	20 59.1	+04 18	90.0	70.0	75.0	autumn(1)	STF2737	AC	67	10.6	5.1	5.3	7.1	Easy in a large 'scope. C to the north-east. Bright yellow and light yellow. Hints of green?	Optical
8 Lac	HR 8603	SAO 72509	HIP 111546	STF2922	Lac	22 35.9	+39 38	90.0	45.0	72.0	autumn(1)	STF2922	AB	186	22.3	5.2	5.7	6.3	Both white? Or pale yellow? B to the south. Slightly dimmer than A. Near double HR 8588.	Optical
				A  1469							autumn(1)		AC	168	48.8		5.7	10.4	C was further south of B, slightly east, much dimmer. Orange!	Uncertain
				A  1469							autumn(1)		AD	145	81.6		5.7	9.1	D was brighter than C, south-east of B, and blue.	Uncertain
				A  1469							autumn(1)		AE	239	335.2		5.7	7.3	E, well away to the SW, pale orange, dimmer than B.	Optical
				COM  8							autumn(1)		BF	175	127.6		6.3	11.0	Dimmer still. And well away from B, same direction, but not as far as E.	Uncertain
10 Lac	HR 8622	SAO 72575	HIP 111841	S 813	Lac	22 39.3	+39 03	100.0	25.0	72.0	autumn(1)	S 813	AB	47	62.6	4.8	4.8	10.3	Bright star, blue-white. B might look purple!? B much fainter. Cool! Shown as single star in PSA.	Optical
WZ Cas	HD 224855	SAO 21002	HIP 99	STTA254	Cas	00 01.3	+60 21	100.0	25.0	1.0	autumn(1)	STTA254	AB	89	57.8	7.0	7.4	8.3	Incredible. Wide. A, orange, B, blue. In a rich field. May not be obvious. Due E.	Uncertain
				STTA254							autumn(1)		AC	324	155.4		7.4	9.6	Forms a spire. Well away to the north-west. Fainter.	Uncertain
				STTA254							autumn(1)		AD	118	181.4		7.4	10.4	Opposite C from the B star. Fainter still.	Optical
HR 9094	HD 225009	SAO 10937	HIP 207	STF3053	Cas	00 02.6	+66 06	90.0	70.0	1.0	autumn(1)	STF3053	AB	70	15.0	5.7	6.0	7.2	A little Albireo. Lovely light gold primary and a wide blue companion. Almost equal brightness. E.	Optical
				STF3053							autumn(1)		AC	291	98.5		6.0	11.0	Much fainter and much further away. To the NW.	Uncertain
Achird	Eta Cas, 24 Cas	SAO 21732	HIP 3821	STF 60	Cas	00 49.1	+57 49	100.0	100.0	3.0	autumn(1)	STF 60	AB	326	13.4	3.5	3.5	7.4	Wow! Burnt yellow and dull orange. Close, to the NW.	binary
				STF 60							autumn(1)		AC	260	225.0		3.5	11.4	Faint and wide. Between B and G. Due W of A.	Optical
				STF 60							autumn(1)		AD	354	189.4		3.5	12.8	D star to the N. Faint.	Optical
				STF 60							autumn(1)		AE	126	75.6		3.5	10.2	E star to the south-east. Blue. In-line with A and B.	Optical
				STF 60							autumn(1)		AF	276	378.3		3.5	11.5	To the west. Faint. Orange.	Optical
				STF 60							autumn(1)		AG	259	419.7		3.5	9.5	G star to the west of A and south of F. White.	Optical
				STF 60							autumn(1)		AH	355	701.1		3.5	8.4	H star far to the north.	Optical
				SMR 2							autumn(1)		AI	73	90.3		3.5	11.6	Faint and wide. NE.	Optical
				SMR 2							autumn(1)		AJ	262	237.1		3.5	12.3	Faint and wide.	Uncertain
Pi And	29 And	SAO 54033	HIP 2912	H 5  17	And	00 36.9	+33 43	100.0	50.0	3.0	autumn(1)	H 5 17	AB	174	35.8	4.3	4.4	7.1	Wide, easy, low power. Nice yellow and blue. B south. Faint 3rd star. Shown as single star in PSA.	Physical
56 And	HR 557	SAO 55107	HIP 9021	STFA  4	And	01 56.2	+37 15	50.0	10.0	2.0	autumn(1)	STFA 4	AB	298	202.5	5.2	5.8	6.1	Equal in brightness. Citrus-orange and pale or straw-yellow. Binoculars? Near NGC 752.	Optical
				BU 1368							autumn(1)		AC	79	18.4		5.8	11.9	Faint. Much closer. East.	Physical
				BU 1368							autumn(1)		BD	258	204.4		6.1	9.8	Further out from B star. Nearly due W of B.	Optical
Almaak	Gamma 1, Almach, 57 And	SAO 37734	HIP 9640	STF 205	And	02 03.9	+42 20	90.0	100.0	2.0	autumn(1)	STF 205	AB	63	9.4	2.2	2.3	5.0	A close pair of yellow (A) and blue (BC) stars, like a miniature Albireo. Beautiful.	Physical
59 And	HR 628	SAO 55330	HIP 10176	STF 222	And	02 10.9	+39 02	90.0	70.0	2.0	autumn(1)	STF 222	AB	36	16.5	5.6	6.1	6.7	Wide pair. Yellow and blue. Wow. NE.	Physical
77 Psc	HR 313	SAO 109666	HIP 5141	STF 90	Psc	01 05.8	+04 54	90.0	45.0	5.0	autumn(1)	STF 90	AB	84	32.7	6.0	6.4	7.3	B is bright star to the east of A. Nearly the same magnitude. Wide. Yellow and pale yellow.	Physical
Zeta Psc	86 Psc, Revati	SAO 109739	HIP 5737	STF 100	Psc	01 13.7	+07 35	90.0	45.0	5.0	autumn(2)	STF 100	AB	63	23.2	4.9	5.2	6.3	ENE. Bright stars. The main is yellow. The companion is slightly redder.	Physical
				BU 1029							autumn(2)		BC	75	2.0		6.3	12.2	Very faint and very tight. E of B.	Uncertain
HD 3125	D 2	SAO 128831	HIP 2713	STF 39	Cet	00 34.5	-04 33	150.0	50.0	7.0	autumn(2)	STF 39	AC	45	20.1	6.9	7.1	8.7	"Decent star hop from iota. White and orange. Very close! SW-NE. AB (WDS D 2) are <0.5""."	Physical
				ALL 1							autumn(2)		AD	159	200.8		7.1	10.0	Outlier. The D star was to the south-south-east. 10 times the AC sep. Slightly dimmer than C. Nice!	Optical
HD 9336	BD-19 262	SAO 147861	HIP 7108	HJ 2052	Cet	01 31.6	-19 01	90.0	45.0	6.0	autumn(2)	HJ 2052	AB	114	80.8	6.4	6.9	7.5	Equal. Wide. ESE. Yellow and blue.	Optical
Nu Cet	78 Cet	SAO 110635	HIP 12093	STF 281	Cet	02 35.9	+05 36	100.0	50.0	4.0	autumn(2)	STF 281	AB	80	8.4	5.0	5.0	9.1	Bright primary and delicate dim star. B is east. Pale yellow and white.	Physical
66 Cet	HR 650	SAO 129752	HIP 10305	STF 231	Cet	02 12.8	-02 24	90.0	45.0	6.0	autumn(2)	STF 231	AB	235	16.8	5.5	5.7	7.7	Interesting. Yellow and orange? Blue? delicate. Not far from Mira. SW.	Optical
				STF 231							autumn(2)		AC	53	147.0		5.7	11.5	Faint star to the north-east.	Optical
Mesarthim	Gamma 2 Ari, 5 Ari	SAO 92681	HIP 8832	STF 180	Ari	01 53.5	+19 18	90.0	100.0	4.0	autumn(2)	STF 180	AB	2	7.4	3.8	4.5	4.6	Same magnitude and colour. Yellow-white. Easy to split at 52x. They look like moth eyes!	Physical
				STF 180							autumn(2)		AC	81	216.8		4.5	8.6	Dim and very far away, to the east.	Optical
HD 13247	BD+32 390	SAO 55321	HIP 10130	STF 219	Tri	02 10.3	+33 22	100.0	50.0	2.0	autumn(2)	STF 219	AB	186	11.7	7.6	8.0	8.9	Faint. Interesting field stars. B is slightly dimmer and nearly due south. Pale blue both.	Physical
15 Tri	HR 750	SAO 55687	HIP 12086	AG  304	Tri	02 35.8	+34 41	90.0	25.0	2.0	autumn(2)	AG 304	AB	16	142.4	5.3	5.6	6.8	Amazing colours. Wide pair. NNE. Easy target in binoculars. Pale orange. B is aquamarine.	Uncertain
Polaris	Alpha UMi, 1 UMi	SAO 308	HIP 11767	STF  93	UMi	02 31.9	+89 16	100.0	50.0	1.0	autumn(2)	STF 93	AB	236	18.4	2.0	2.0	9.1	Yellow and blue and beautiful! SW.	Physical
Zeta Per	Atik, 44 Per	SAO 56799	HIP 18246	STF 464	Per	03 54.1	+31 53	90.0	70.0	13.0	autumn(2)	STF 464	AB	209	12.9	2.9	2.9	9.2	aka Atik. Tight. A is pale yellow. Near triple HD 24601.	Physical
				STF 464							autumn(2)		AC	286	33.3		2.9	11.2	Faintest of all. NW.	Uncertain
				STF 464							autumn(2)		AD	195	98.6		2.9	10.4	A pair, dim, to the south. D and E stars. D is closer. Hard to get colours, orange?	Optical
				STF 464							autumn(2)		AE	186	120.0		2.9	10.0	A pair, dim, to the south. D and E stars. Hard to get colours, blue?	Physical
Miram	Eta Per, 15 Per	SAO 23655	HIP 13268	STF 307	Per	02 50.7	+55 54	90.0	45.0	2.0	autumn(2)	STF 307	AB	301	28.7	3.8	3.8	8.5	Miram. Light orange with blue-green. NW.	Uncertain
				STF 307							autumn(2)		AC	269	64.0		3.8	11.6	Grey. To the W. Same distance as F.	Optical
				SHJ  34							autumn(2)		AE	297	242.9		3.8	9.2	Blue-white. Beyond B. Well away	Optical
				WAL  19							autumn(2)		AF	25	57.7		3.8	11.4	Dull yellow. Same distance as CD. Nearly due N.	Optical
				WRD  1							autumn(2)		CD	116	5.2		11.6	12.7	"Grey. Same distance as F. D is the ""inner"" star while C is the ""outer."""	Uncertain
